event_id,base_frame_cluster,seed,target_step,source_step,arm,observed_gate_accepted,observed_gate_score,observed_gate_threshold,observed_reject_reason,observed_translation_error_m,observed_yaw_error_deg,observed_transform_within_thresholds,measured_atomic_committed,measured_changed_cells,measured_persistent_hash,planner_input_hash,prediction_persisted,source_prediction_included,measured_known_support_cells,planner_known_support_cells,provisional_support_gain_cells,provisional_free_gain_cells,provisional_occupied_gain_cells,reachable_free_cells,reachable_frontiers,route_available,route_length_m,route_oracle_safe,route_oracle_collision_cells,route_oracle_unknown_cells,persistent_hash_after_planning,persistent_state_changed_by_planning
SYN_a3_predicted_raw_P_s11_00200_01,a3_ours_multi_ours_orb|predicted_raw|sync_step_00200,11,200,200,measured_only,true,0.588624598650154,0.2,accepted,0.10834221726402848,0.07582706426049413,true,true,37452,fff803a2aa5757de2135fa393c9351be6d04e39c4fa3504af66a346a0773b5e9,fff803a2aa5757de2135fa393c9351be6d04e39c4fa3504af66a346a0773b5e9,false,true,176570,176570,0,0,0,139471,1144,true,22.6,false,0,1,fff803a2aa5757de2135fa393c9351be6d04e39c4fa3504af66a346a0773b5e9,false
SYN_a3_predicted_raw_P_s11_00200_01,a3_ours_multi_ours_orb|predicted_raw|sync_step_00200,11,200,200,measured_plus_provisional,true,0.588624598650154,0.2,accepted,0.10834221726402848,0.07582706426049413,true,true,37452,fff803a2aa5757de2135fa393c9351be6d04e39c4fa3504af66a346a0773b5e9,60f47567224fa1d81fbbda4852010a5f156b66eb7b1707dc7f2760139136b312,false,true,176570,194479,17909,7390,10519,139353,1061,true,22.6,false,0,1,fff803a2aa5757de2135fa393c9351be6d04e39c4fa3504af66a346a0773b5e9,false
SYN_a3_predicted_raw_P_s11_00140_02,a3_ours_multi_ours_orb|predicted_raw|sync_step_00140,11,140,140,measured_only,true,0.7513855280618219,0.2,accepted,0.0433835206856056,0.058347376143814245,true,true,27690,7dc2ae91434cee13afd40403f3f6dd137aab8e4b7d5e2ddd04bda73998086b28,7dc2ae91434cee13afd40403f3f6dd137aab8e4b7d5e2ddd04bda73998086b28,false,true,146456,146456,0,0,0,118736,1098,true,22.6,true,0,0,7dc2ae91434cee13afd40403f3f6dd137aab8e4b7d5e2ddd04bda73998086b28,false
SYN_a3_predicted_raw_P_s11_00140_02,a3_ours_multi_ours_orb|predicted_raw|sync_step_00140,11,140,140,measured_plus_provisional,true,0.7513855280618219,0.2,accepted,0.0433835206856056,0.058347376143814245,true,true,27690,7dc2ae91434cee13afd40403f3f6dd137aab8e4b7d5e2ddd04bda73998086b28,86a3453eb0abef20c2c98611a1c615cfaeaf20700c9ce58cd923abc38ee3ee24,false,true,146456,164402,17946,6130,11816,118601,1008,true,22.6,true,0,0,7dc2ae91434cee13afd40403f3f6dd137aab8e4b7d5e2ddd04bda73998086b28,false
SYN_a3_predicted_raw_P_s11_00070_03,a3_ours_multi_ours_orb|predicted_raw|sync_step_00070,11,70,70,measured_only,true,0.5922806135277847,0.2,accepted,0.07475833567844616,0.038335557666869136,true,true,33882,39067d900bc3ae09ea0e25914cf7210d614db66cedbfd1c75a541ceb7d6744fc,39067d900bc3ae09ea0e25914cf7210d614db66cedbfd1c75a541ceb7d6744fc,false,true,120853,120853,0,0,0,99731,1220,true,21.700000000000003,false,6,8,39067d900bc3ae09ea0e25914cf7210d614db66cedbfd1c75a541ceb7d6744fc,false
SYN_a3_predicted_raw_P_s11_00070_03,a3_ours_multi_ours_orb|predicted_raw|sync_step_00070,11,70,70,measured_plus_provisional,true,0.5922806135277847,0.2,accepted,0.07475833567844616,0.038335557666869136,true,true,33882,39067d900bc3ae09ea0e25914cf7210d614db66cedbfd1c75a541ceb7d6744fc,79249d58883da81614c7e7dcd3364d9a1be14ae45ad5f23fe0f4fc4cc2c18019,false,true,120853,144485,23632,15359,8273,100217,1285,true,21.700000000000003,false,6,8,39067d900bc3ae09ea0e25914cf7210d614db66cedbfd1c75a541ceb7d6744fc,false
SYN_a3_predicted_raw_P_s11_00180_04,a3_ours_multi_ours_orb|predicted_raw|sync_step_00180,11,180,180,measured_only,true,0.7707918822124951,0.2,accepted,0.030872508650359384,0.179828834702505,true,true,38423,2c243208b89d4d3df949968be388385f9fb88c1f45e8d39114522cc04f3fe7f6,2c243208b89d4d3df949968be388385f9fb88c1f45e8d39114522cc04f3fe7f6,false,true,176901,176901,0,0,0,141069,1104,true,22.6,false,0,1,2c243208b89d4d3df949968be388385f9fb88c1f45e8d39114522cc04f3fe7f6,false
SYN_a3_predicted_raw_P_s11_00180_04,a3_ours_multi_ours_orb|predicted_raw|sync_step_00180,11,180,180,measured_plus_provisional,true,0.7707918822124951,0.2,accepted,0.030872508650359384,0.179828834702505,true,true,38423,2c243208b89d4d3df949968be388385f9fb88c1f45e8d39114522cc04f3fe7f6,5800d6ee82b54657ce88df21d1ecdf63ec5270c501db79d8c774da3ccd5fc9ea,false,true,176901,204141,27240,14925,12315,140876,986,true,22.6,false,0,1,2c243208b89d4d3df949968be388385f9fb88c1f45e8d39114522cc04f3fe7f6,false
SYN_a3_predicted_raw_P_s11_00260_05,a3_ours_multi_ours_orb|predicted_raw|sync_step_00260,11,260,260,measured_only,true,0.8619647105471848,0.2,accepted,0.02799874073988974,0.0064848552515570645,true,true,41273,de60cfd1cc228ba2f283da052bee76e8c635f959fc43c958671c0acbcd82959a,de60cfd1cc228ba2f283da052bee76e8c635f959fc43c958671c0acbcd82959a,false,true,228030,228030,0,0,0,182044,711,true,31.0,false,20,0,de60cfd1cc228ba2f283da052bee76e8c635f959fc43c958671c0acbcd82959a,false
SYN_a3_predicted_raw_P_s11_00260_05,a3_ours_multi_ours_orb|predicted_raw|sync_step_00260,11,260,260,measured_plus_provisional,true,0.8619647105471848,0.2,accepted,0.02799874073988974,0.0064848552515570645,true,true,41273,de60cfd1cc228ba2f283da052bee76e8c635f959fc43c958671c0acbcd82959a,ee743e6a6c3122fba7cefedb5d1f071c9fefe463926988e9146ee4af161e9daf,false,true,228030,249843,21813,4331,17482,182032,655,true,31.0,false,20,0,de60cfd1cc228ba2f283da052bee76e8c635f959fc43c958671c0acbcd82959a,false
SYN_a3_predicted_raw_P_s11_00120_06,a3_ours_multi_ours_orb|predicted_raw|sync_step_00120,11,120,120,measured_only,true,0.6886988291953832,0.2,accepted,0.0838169631630685,0.012304705439220243,true,true,30170,0be7c81a6788480e85e88c68540c3f210652a4fd48daff1a1a73f4b96d4a7279,0be7c81a6788480e85e88c68540c3f210652a4fd48daff1a1a73f4b96d4a7279,false,true,144893,144893,0,0,0,117345,1308,true,22.6,true,0,0,0be7c81a6788480e85e88c68540c3f210652a4fd48daff1a1a73f4b96d4a7279,false
SYN_a3_predicted_raw_P_s11_00120_06,a3_ours_multi_ours_orb|predicted_raw|sync_step_00120,11,120,120,measured_plus_provisional,true,0.6886988291953832,0.2,accepted,0.0838169631630685,0.012304705439220243,true,true,30170,0be7c81a6788480e85e88c68540c3f210652a4fd48daff1a1a73f4b96d4a7279,0f8e231ee2ec5397486891f85e2aabd35234d6939a717d42d8238123ae04b811,false,true,144893,161132,16239,5138,11101,117569,1376,true,22.6,true,0,0,0be7c81a6788480e85e88c68540c3f210652a4fd48daff1a1a73f4b96d4a7279,false
SYN_a3_predicted_raw_P_s11_00110_07,a3_ours_multi_ours_orb|predicted_raw|sync_step_00110,11,110,110,measured_only,true,0.9106534916549033,0.2,accepted,0.013410011029570077,0.03443289770990532,true,true,29902,848cb40cf26f924935c1ba6c337bd52b91d880d28bbfa947f920592a6d2069ab,848cb40cf26f924935c1ba6c337bd52b91d880d28bbfa947f920592a6d2069ab,false,true,144625,144625,0,0,0,118055,1274,true,22.6,false,0,1,848cb40cf26f924935c1ba6c337bd52b91d880d28bbfa947f920592a6d2069ab,false
SYN_a3_predicted_raw_P_s11_00110_07,a3_ours_multi_ours_orb|predicted_raw|sync_step_00110,11,110,110,measured_plus_provisional,true,0.9106534916549033,0.2,accepted,0.013410011029570077,0.03443289770990532,true,true,29902,848cb40cf26f924935c1ba6c337bd52b91d880d28bbfa947f920592a6d2069ab,b550267ae7540f8c31fcc5552cea8f4227e9c501e67a823424179996d69f203f,false,true,144625,162045,17420,5664,11756,117951,1172,true,22.6,false,0,1,848cb40cf26f924935c1ba6c337bd52b91d880d28bbfa947f920592a6d2069ab,false
SYN_a3_predicted_raw_P_s11_00290_08,a3_ours_multi_ours_orb|predicted_raw|sync_step_00290,11,290,290,measured_only,true,0.8663650757747116,0.2,accepted,0.01893772151314092,0.0049056960701534535,true,true,25768,3e49115b13a00da23b3a9fdb57dbdaf75a7316ab0fd6cddf5aca95114d389316,3e49115b13a00da23b3a9fdb57dbdaf75a7316ab0fd6cddf5aca95114d389316,false,true,228493,228493,0,0,0,181966,713,true,23.650000000000002,false,3,0,3e49115b13a00da23b3a9fdb57dbdaf75a7316ab0fd6cddf5aca95114d389316,false
SYN_a3_predicted_raw_P_s11_00290_08,a3_ours_multi_ours_orb|predicted_raw|sync_step_00290,11,290,290,measured_plus_provisional,true,0.8663650757747116,0.2,accepted,0.01893772151314092,0.0049056960701534535,true,true,25768,3e49115b13a00da23b3a9fdb57dbdaf75a7316ab0fd6cddf5aca95114d389316,708ca84f8f701449dbd2f8fdefabef5ef7e6dccb7898436371f51695a95ff000,false,true,228493,250697,22204,4428,17776,181911,670,true,23.650000000000002,false,3,0,3e49115b13a00da23b3a9fdb57dbdaf75a7316ab0fd6cddf5aca95114d389316,false
SYN_a3_predicted_raw_P_s11_00160_09,a3_ours_multi_ours_orb|predicted_raw|sync_step_00160,11,160,160,measured_only,true,0.7437841779074007,0.2,accepted,0.06257367693141651,0.0609011902793668,true,true,19350,06381f49ac2e5ca274c063763a1fb2bc5678470c6567bdaf91cbe84bd5836446,06381f49ac2e5ca274c063763a1fb2bc5678470c6567bdaf91cbe84bd5836446,false,true,150181,150181,0,0,0,120590,1092,true,22.700000000000003,false,0,4,06381f49ac2e5ca274c063763a1fb2bc5678470c6567bdaf91cbe84bd5836446,false
SYN_a3_predicted_raw_P_s11_00160_09,a3_ours_multi_ours_orb|predicted_raw|sync_step_00160,11,160,160,measured_plus_provisional,true,0.7437841779074007,0.2,accepted,0.06257367693141651,0.0609011902793668,true,true,19350,06381f49ac2e5ca274c063763a1fb2bc5678470c6567bdaf91cbe84bd5836446,4e6ef0ea013683c32f78bedd8d0b4839296dac49e1da7f6e17ba7c651661fd5e,false,true,150181,177424,27243,15662,11581,131595,2186,true,35.050000000000004,false,37,397,06381f49ac2e5ca274c063763a1fb2bc5678470c6567bdaf91cbe84bd5836446,false
SYN_a3_predicted_raw_P_s11_00060_10,a3_ours_multi_ours_orb|predicted_raw|sync_step_00060,11,60,60,measured_only,true,0.6492805755395683,0.2,accepted,0.047276621343273595,0.0491577088936026,true,true,31228,592cf922d32efba202f2dad38a0aaf7cff0f88dafe028ca0b4d87027288edf0f,592cf922d32efba202f2dad38a0aaf7cff0f88dafe028ca0b4d87027288edf0f,false,true,116846,116846,0,0,0,97301,1315,true,18.7,false,0,40,592cf922d32efba202f2dad38a0aaf7cff0f88dafe028ca0b4d87027288edf0f,false
SYN_a3_predicted_raw_P_s11_00060_10,a3_ours_multi_ours_orb|predicted_raw|sync_step_00060,11,60,60,measured_plus_provisional,true,0.6492805755395683,0.2,accepted,0.047276621343273595,0.0491577088936026,true,true,31228,592cf922d32efba202f2dad38a0aaf7cff0f88dafe028ca0b4d87027288edf0f,44ccc2ea14b9daa3248f2ee4ce48ea17bf6cca825b05423acbf5e03973d7a531,false,true,116846,135477,18631,9989,8642,97124,1195,true,18.7,false,0,40,592cf922d32efba202f2dad38a0aaf7cff0f88dafe028ca0b4d87027288edf0f,false
SYN_a3_predicted_raw_P_s23_00290_01,a3_ours_multi_ours_orb|predicted_raw|sync_step_00290,23,290,290,measured_only,true,0.8823343135037321,0.2,accepted,0.010356073191413833,0.005502178650175438,true,true,25545,04d8a32b378dd871ba4ec718a7e0fc6729658c31298830e2d784461a304f7c34,04d8a32b378dd871ba4ec718a7e0fc6729658c31298830e2d784461a304f7c34,false,true,228270,228270,0,0,0,182141,710,true,23.6,false,0,1,04d8a32b378dd871ba4ec718a7e0fc6729658c31298830e2d784461a304f7c34,false
SYN_a3_predicted_raw_P_s23_00290_01,a3_ours_multi_ours_orb|predicted_raw|sync_step_00290,23,290,290,measured_plus_provisional,true,0.8823343135037321,0.2,accepted,0.010356073191413833,0.005502178650175438,true,true,25545,04d8a32b378dd871ba4ec718a7e0fc6729658c31298830e2d784461a304f7c34,500cbc6cb5d32d5ebd1c7ef4507562ca9f8ed5f41a26afcfe408644407ce1cc5,false,true,228270,250323,22053,4189,17864,182068,662,true,23.6,false,0,1,04d8a32b378dd871ba4ec718a7e0fc6729658c31298830e2d784461a304f7c34,false
SYN_a3_predicted_raw_P_s23_00260_02,a3_ours_multi_ours_orb|predicted_raw|sync_step_00260,23,260,260,measured_only,true,0.7554520222045995,0.2,accepted,0.04466505462807862,0.015835491658577894,true,true,42305,dedbe2376d71d95e0a2e36526eb1c6ff23fa7330988a3423625f8111cbb546fe,dedbe2376d71d95e0a2e36526eb1c6ff23fa7330988a3423625f8111cbb546fe,false,true,229062,229062,0,0,0,182112,691,true,31.3,false,47,1,dedbe2376d71d95e0a2e36526eb1c6ff23fa7330988a3423625f8111cbb546fe,false
SYN_a3_predicted_raw_P_s23_00260_02,a3_ours_multi_ours_orb|predicted_raw|sync_step_00260,23,260,260,measured_plus_provisional,true,0.7554520222045995,0.2,accepted,0.04466505462807862,0.015835491658577894,true,true,42305,dedbe2376d71d95e0a2e36526eb1c6ff23fa7330988a3423625f8111cbb546fe,90efe06d02ca4e1bc785f15179ab0a33cf8a071708069de9f955f494fde2b80d,false,true,229062,250440,21378,4287,17091,182115,643,true,31.3,false,47,1,dedbe2376d71d95e0a2e36526eb1c6ff23fa7330988a3423625f8111cbb546fe,false
SYN_a3_predicted_raw_P_s23_00420_03,a3_ours_multi_ours_orb|predicted_raw|sync_step_00420,23,420,420,measured_only,true,0.8445789717072351,0.2,accepted,0.035518049325935046,0.013902053008138182,true,true,23869,e175a84ecce76ace5be25e03328d3c4d812364f6c1879fd8ec0723987cfc85b7,e175a84ecce76ace5be25e03328d3c4d812364f6c1879fd8ec0723987cfc85b7,false,true,238655,238655,0,0,0,189994,627,true,28.85,false,0,15,e175a84ecce76ace5be25e03328d3c4d812364f6c1879fd8ec0723987cfc85b7,false
SYN_a3_predicted_raw_P_s23_00420_03,a3_ours_multi_ours_orb|predicted_raw|sync_step_00420,23,420,420,measured_plus_provisional,true,0.8445789717072351,0.2,accepted,0.035518049325935046,0.013902053008138182,true,true,23869,e175a84ecce76ace5be25e03328d3c4d812364f6c1879fd8ec0723987cfc85b7,da1466d7dccfe4045a5674ac1c2aacf56c1146d6081a8e853282ada521df43e9,false,true,238655,260007,21352,4797,16555,190384,762,true,32.2,false,0,80,e175a84ecce76ace5be25e03328d3c4d812364f6c1879fd8ec0723987cfc85b7,false
SYN_a3_predicted_raw_P_s23_00250_04,a3_ours_multi_ours_orb|predicted_raw|sync_step_00250,23,250,250,measured_only,true,0.5875756311287293,0.2,accepted,0.10242103765948098,0.10807154056521995,true,true,23907,007b2636f6ee5347bebac037f5eb567473b832f8cea2bf5683ac58a029bee469,007b2636f6ee5347bebac037f5eb567473b832f8cea2bf5683ac58a029bee469,false,true,202628,202628,0,0,0,159919,966,true,23.650000000000002,false,40,0,007b2636f6ee5347bebac037f5eb567473b832f8cea2bf5683ac58a029bee469,false
SYN_a3_predicted_raw_P_s23_00250_04,a3_ours_multi_ours_orb|predicted_raw|sync_step_00250,23,250,250,measured_plus_provisional,true,0.5875756311287293,0.2,accepted,0.10242103765948098,0.10807154056521995,true,true,23907,007b2636f6ee5347bebac037f5eb567473b832f8cea2bf5683ac58a029bee469,517c1dacaa5401306db7ac3e6e2f4cf2f778e79031ca06ed0f83cef0629ac481,false,true,202628,221253,18625,3766,14859,159872,897,true,23.650000000000002,false,40,0,007b2636f6ee5347bebac037f5eb567473b832f8cea2bf5683ac58a029bee469,false
SYN_a3_predicted_raw_P_s23_00150_05,a3_ours_multi_ours_orb|predicted_raw|sync_step_00150,23,150,150,measured_only,true,0.8207907665912813,0.2,accepted,0.03854202573466698,0.019302419359519263,true,true,29195,1115bd2b385feafe422a18d266d44eadc3eefcb7054105f965bf31f4d9852caa,1115bd2b385feafe422a18d266d44eadc3eefcb7054105f965bf31f4d9852caa,false,true,148001,148001,0,0,0,119362,951,true,22.6,true,0,0,1115bd2b385feafe422a18d266d44eadc3eefcb7054105f965bf31f4d9852caa,false
SYN_a3_predicted_raw_P_s23_00150_05,a3_ours_multi_ours_orb|predicted_raw|sync_step_00150,23,150,150,measured_plus_provisional,true,0.8207907665912813,0.2,accepted,0.03854202573466698,0.019302419359519263,true,true,29195,1115bd2b385feafe422a18d266d44eadc3eefcb7054105f965bf31f4d9852caa,b564eb385de45a444d92455e5957def3d98ca0ddf0805d6d31e0172a60b29f16,false,true,148001,167012,19011,6928,12083,119262,879,true,22.6,true,0,0,1115bd2b385feafe422a18d266d44eadc3eefcb7054105f965bf31f4d9852caa,false
SYN_a3_predicted_raw_P_s23_00160_06,a3_ours_multi_ours_orb|predicted_raw|sync_step_00160,23,160,160,measured_only,true,0.4762668611009843,0.2,accepted,0.14305355411572027,0.05114314792666619,true,true,21005,f190e9afc3a3abd1c5b4dadce05cfa4003c029169ff3add98f5d1cbc438567cc,f190e9afc3a3abd1c5b4dadce05cfa4003c029169ff3add98f5d1cbc438567cc,false,true,151836,151836,0,0,0,120860,1054,true,22.6,true,0,0,f190e9afc3a3abd1c5b4dadce05cfa4003c029169ff3add98f5d1cbc438567cc,false
SYN_a3_predicted_raw_P_s23_00160_06,a3_ours_multi_ours_orb|predicted_raw|sync_step_00160,23,160,160,measured_plus_provisional,true,0.4762668611009843,0.2,accepted,0.14305355411572027,0.05114314792666619,true,true,21005,f190e9afc3a3abd1c5b4dadce05cfa4003c029169ff3add98f5d1cbc438567cc,9e4c8815dc8046575f3d0fde5001b105bac81ab2c39168df8380ac7bb1c04c16,false,true,151836,179255,27419,15885,11534,131502,2062,true,35.050000000000004,false,0,426,f190e9afc3a3abd1c5b4dadce05cfa4003c029169ff3add98f5d1cbc438567cc,false
SYN_a3_predicted_raw_P_s23_00390_07,a3_ours_multi_ours_orb|predicted_raw|sync_step_00390,23,390,390,measured_only,true,0.8973326405126872,0.2,accepted,0.02218713272842525,0.017192049537612775,true,true,15111,f083fc8fba155b7668079689d0612280dd7eebe15a0a4fac492ec71cd26ccfdc,f083fc8fba155b7668079689d0612280dd7eebe15a0a4fac492ec71cd26ccfdc,false,true,226040,226040,0,0,0,180779,810,true,22.75,false,0,1,f083fc8fba155b7668079689d0612280dd7eebe15a0a4fac492ec71cd26ccfdc,false
SYN_a3_predicted_raw_P_s23_00390_07,a3_ours_multi_ours_orb|predicted_raw|sync_step_00390,23,390,390,measured_plus_provisional,true,0.8973326405126872,0.2,accepted,0.02218713272842525,0.017192049537612775,true,true,15111,f083fc8fba155b7668079689d0612280dd7eebe15a0a4fac492ec71cd26ccfdc,f115e5ae72d1c6dcc2980d796d5053f3fc8508f0bbc53fa77c27b1e2719cea9b,false,true,226040,245194,19154,3093,16061,180704,759,true,22.75,false,0,1,f083fc8fba155b7668079689d0612280dd7eebe15a0a4fac492ec71cd26ccfdc,false
SYN_a3_predicted_raw_P_s23_00170_08,a3_ours_multi_ours_orb|predicted_raw|sync_step_00170,23,170,170,measured_only,true,0.8216844666756793,0.2,accepted,0.03278505982422251,0.05188004497017573,true,true,21388,9ef54d42324ef1005c6a57cbe86ff540ae63ff094999785a62b9a33e949d3aad,9ef54d42324ef1005c6a57cbe86ff540ae63ff094999785a62b9a33e949d3aad,false,true,158593,158593,0,0,0,127429,1250,true,22.6,true,0,0,9ef54d42324ef1005c6a57cbe86ff540ae63ff094999785a62b9a33e949d3aad,false
SYN_a3_predicted_raw_P_s23_00170_08,a3_ours_multi_ours_orb|predicted_raw|sync_step_00170,23,170,170,measured_plus_provisional,true,0.8216844666756793,0.2,accepted,0.03278505982422251,0.05188004497017573,true,true,21388,9ef54d42324ef1005c6a57cbe86ff540ae63ff094999785a62b9a33e949d3aad,839e3a4ea3ee8233f22feb72fc82d1b5384b605904f942563861d17a3cdaea34,false,true,158593,179453,20860,7873,12987,127320,1175,true,22.6,true,0,0,9ef54d42324ef1005c6a57cbe86ff540ae63ff094999785a62b9a33e949d3aad,false
SYN_a3_predicted_raw_P_s23_00200_09,a3_ours_multi_ours_orb|predicted_raw|sync_step_00200,23,200,200,measured_only,true,0.740842670860363,0.2,accepted,0.05922198880872003,0.12117469610851117,true,true,41578,2b44997dbe87a2074ffb6f1274a813fb91447084c8e7d770290a1ba62c46a9d1,2b44997dbe87a2074ffb6f1274a813fb91447084c8e7d770290a1ba62c46a9d1,false,true,180696,180696,0,0,0,143323,999,true,22.6,false,0,3,2b44997dbe87a2074ffb6f1274a813fb91447084c8e7d770290a1ba62c46a9d1,false
SYN_a3_predicted_raw_P_s23_00200_09,a3_ours_multi_ours_orb|predicted_raw|sync_step_00200,23,200,200,measured_plus_provisional,true,0.740842670860363,0.2,accepted,0.05922198880872003,0.12117469610851117,true,true,41578,2b44997dbe87a2074ffb6f1274a813fb91447084c8e7d770290a1ba62c46a9d1,53c054b2e8bedfa16cd70daba50d2da30dbe415ba743a315fcaa4a676c32f5c0,false,true,180696,201092,20396,7518,12878,143182,913,true,22.6,false,0,3,2b44997dbe87a2074ffb6f1274a813fb91447084c8e7d770290a1ba62c46a9d1,false
SYN_a3_predicted_raw_P_s23_00310_10,a3_ours_multi_ours_orb|predicted_raw|sync_step_00310,23,310,310,measured_only,true,0.8239779803266853,0.2,accepted,0.036061482775742226,0.030626345001451227,true,true,18920,0a22b918b61b7d15fb1c074c2fcc8e3157d3549770d6aea685ad3e5858b16efd,0a22b918b61b7d15fb1c074c2fcc8e3157d3549770d6aea685ad3e5858b16efd,false,true,221853,221853,0,0,0,177091,850,true,22.650000000000002,false,0,1,0a22b918b61b7d15fb1c074c2fcc8e3157d3549770d6aea685ad3e5858b16efd,false
SYN_a3_predicted_raw_P_s23_00310_10,a3_ours_multi_ours_orb|predicted_raw|sync_step_00310,23,310,310,measured_plus_provisional,true,0.8239779803266853,0.2,accepted,0.036061482775742226,0.030626345001451227,true,true,18920,0a22b918b61b7d15fb1c074c2fcc8e3157d3549770d6aea685ad3e5858b16efd,6d8f5b9a9c717d5c5caff32a1b6d20dede95b2c92542b53c7d22dfee6f4a8dc6,false,true,221853,242904,21051,4278,16773,176967,769,true,22.650000000000002,false,0,1,0a22b918b61b7d15fb1c074c2fcc8e3157d3549770d6aea685ad3e5858b16efd,false
SYN_a3_predicted_raw_P_s37_00190_01,a3_ours_multi_ours_orb|predicted_raw|sync_step_00190,37,190,190,measured_only,true,0.9090848806366048,0.2,accepted,0.009898507678480845,0.07812227224926005,true,true,38521,f123b5f2f104901d1e84f11b1bc9b1dda217af54a439e7c0029999622602c796,f123b5f2f104901d1e84f11b1bc9b1dda217af54a439e7c0029999622602c796,false,true,176999,176999,0,0,0,141357,1077,true,22.6,false,0,1,f123b5f2f104901d1e84f11b1bc9b1dda217af54a439e7c0029999622602c796,false
SYN_a3_predicted_raw_P_s37_00190_01,a3_ours_multi_ours_orb|predicted_raw|sync_step_00190,37,190,190,measured_plus_provisional,true,0.9090848806366048,0.2,accepted,0.009898507678480845,0.07812227224926005,true,true,38521,f123b5f2f104901d1e84f11b1bc9b1dda217af54a439e7c0029999622602c796,8ed854fba076e285d0f345d274065c10424ffd689763b3aa3d9fbb61e7e2d9b7,false,true,176999,197097,20098,7350,12748,141231,989,true,22.6,false,0,1,f123b5f2f104901d1e84f11b1bc9b1dda217af54a439e7c0029999622602c796,false
SYN_a3_predicted_raw_P_s37_00230_02,a3_ours_multi_ours_orb|predicted_raw|sync_step_00230,37,230,230,measured_only,true,0.802186216846077,0.2,accepted,0.054831571879417514,0.04253260458585828,true,true,33050,b4a3f2ed1d231091dd0c894e04199b88725ec96339ba70b6f11c54ed2b6bf830,b4a3f2ed1d231091dd0c894e04199b88725ec96339ba70b6f11c54ed2b6bf830,false,true,206217,206217,0,0,0,164180,930,true,23.700000000000003,false,3,1,b4a3f2ed1d231091dd0c894e04199b88725ec96339ba70b6f11c54ed2b6bf830,false
SYN_a3_predicted_raw_P_s37_00230_02,a3_ours_multi_ours_orb|predicted_raw|sync_step_00230,37,230,230,measured_plus_provisional,true,0.802186216846077,0.2,accepted,0.054831571879417514,0.04253260458585828,true,true,33050,b4a3f2ed1d231091dd0c894e04199b88725ec96339ba70b6f11c54ed2b6bf830,3891cb3b6e3693606d4b55db54cda194ae5b665985ff936526ad0747ac84e53e,false,true,206217,237590,31373,16235,15138,164451,941,true,23.700000000000003,false,3,1,b4a3f2ed1d231091dd0c894e04199b88725ec96339ba70b6f11c54ed2b6bf830,false
SYN_a3_predicted_raw_P_s37_00130_03,a3_ours_multi_ours_orb|predicted_raw|sync_step_00130,37,130,130,measured_only,true,0.6110373897431894,0.2,accepted,0.13297779995537162,0.05883805505533246,true,true,27700,b1d9b3c2995d5181780319e24636769cca88be9ed255bc0d763cbe96b854e7b3,b1d9b3c2995d5181780319e24636769cca88be9ed255bc0d763cbe96b854e7b3,false,true,146466,146466,0,0,0,118115,1120,true,22.700000000000003,false,0,8,b1d9b3c2995d5181780319e24636769cca88be9ed255bc0d763cbe96b854e7b3,false
SYN_a3_predicted_raw_P_s37_00130_03,a3_ours_multi_ours_orb|predicted_raw|sync_step_00130,37,130,130,measured_plus_provisional,true,0.6110373897431894,0.2,accepted,0.13297779995537162,0.05883805505533246,true,true,27700,b1d9b3c2995d5181780319e24636769cca88be9ed255bc0d763cbe96b854e7b3,1d14bd00cffccf03aa56c39aa85de2b0a252aacb1ba8e0c6bf98772e550b89e9,false,true,146466,164882,18416,7220,11196,117945,1011,true,22.700000000000003,false,0,8,b1d9b3c2995d5181780319e24636769cca88be9ed255bc0d763cbe96b854e7b3,false
SYN_a3_predicted_raw_P_s37_00270_04,a3_ours_multi_ours_orb|predicted_raw|sync_step_00270,37,270,270,measured_only,true,0.7987085385115674,0.2,accepted,0.043282779285981655,0.0106483218825133,true,true,28899,05924dcabd62a125ab52f2e14ad339de9530c5af3e593c0a9c865a08deffd33c,05924dcabd62a125ab52f2e14ad339de9530c5af3e593c0a9c865a08deffd33c,false,true,229115,229115,0,0,0,182199,651,true,23.6,false,11,0,05924dcabd62a125ab52f2e14ad339de9530c5af3e593c0a9c865a08deffd33c,false
SYN_a3_predicted_raw_P_s37_00270_04,a3_ours_multi_ours_orb|predicted_raw|sync_step_00270,37,270,270,measured_plus_provisional,true,0.7987085385115674,0.2,accepted,0.043282779285981655,0.0106483218825133,true,true,28899,05924dcabd62a125ab52f2e14ad339de9530c5af3e593c0a9c865a08deffd33c,b57e5061a29aa975d729b8561ed32e79bec092194d468e389d4aed9eeced5d3d,false,true,229115,250302,21187,3822,17365,182125,588,true,23.6,false,11,0,05924dcabd62a125ab52f2e14ad339de9530c5af3e593c0a9c865a08deffd33c,false
SYN_a3_predicted_raw_P_s37_00070_05,a3_ours_multi_ours_orb|predicted_raw|sync_step_00070,37,70,70,measured_only,true,0.6614282122202665,0.2,accepted,0.044350272581239795,0.10208399294845094,true,true,33611,0b103df2af0799e1d77e63530bb3f677b0a689c55e9a5a5f59fc772d655b2e5d,0b103df2af0799e1d77e63530bb3f677b0a689c55e9a5a5f59fc772d655b2e5d,false,true,120582,120582,0,0,0,99630,1247,true,21.650000000000002,false,0,1,0b103df2af0799e1d77e63530bb3f677b0a689c55e9a5a5f59fc772d655b2e5d,false
SYN_a3_predicted_raw_P_s37_00070_05,a3_ours_multi_ours_orb|predicted_raw|sync_step_00070,37,70,70,measured_plus_provisional,true,0.6614282122202665,0.2,accepted,0.044350272581239795,0.10208399294845094,true,true,33611,0b103df2af0799e1d77e63530bb3f677b0a689c55e9a5a5f59fc772d655b2e5d,ecc55d2a5c4e94aacb7df71a44c7bbb6480babd91c961eaf841b42b0fc08fc05,false,true,120582,143314,22732,14487,8245,100112,1337,true,21.650000000000002,false,0,1,0b103df2af0799e1d77e63530bb3f677b0a689c55e9a5a5f59fc772d655b2e5d,false
SYN_a3_predicted_raw_P_s37_00040_06,a3_ours_multi_ours_orb|predicted_raw|sync_step_00040,37,40,40,measured_only,false,0.30275846602377215,0.2,low_inlier_ratio,0.09971700144060408,0.45802340653793294,true,false,0,f586da8d20f8a4f42eacde27ebef0b9279038477a8ae1cecffebfcd15f71a19e,f586da8d20f8a4f42eacde27ebef0b9279038477a8ae1cecffebfcd15f71a19e,false,false,59598,59598,0,0,0,51500,1632,true,13.950000000000001,false,4,0,f586da8d20f8a4f42eacde27ebef0b9279038477a8ae1cecffebfcd15f71a19e,false
SYN_a3_predicted_raw_P_s37_00040_06,a3_ours_multi_ours_orb|predicted_raw|sync_step_00040,37,40,40,measured_plus_provisional,false,0.30275846602377215,0.2,low_inlier_ratio,0.09971700144060408,0.45802340653793294,true,false,0,f586da8d20f8a4f42eacde27ebef0b9279038477a8ae1cecffebfcd15f71a19e,367ff96a206923d9e779520574d985ff2ec5120440d859cd4416b6248b20ce88,false,false,59598,70871,11273,7094,4179,51473,1616,true,13.950000000000001,false,4,0,f586da8d20f8a4f42eacde27ebef0b9279038477a8ae1cecffebfcd15f71a19e,false
SYN_a3_predicted_raw_P_s37_00340_07,a3_ours_multi_ours_orb|predicted_raw|sync_step_00340,37,340,340,measured_only,true,0.8477193292925718,0.2,accepted,0.02592935819723971,0.025630220998465347,true,true,19449,88f43d306a59ad8a923623115044936010dee20760457eb44646d9943e004010,88f43d306a59ad8a923623115044936010dee20760457eb44646d9943e004010,false,true,225696,225696,0,0,0,180089,818,true,22.6,false,0,1,88f43d306a59ad8a923623115044936010dee20760457eb44646d9943e004010,false
SYN_a3_predicted_raw_P_s37_00340_07,a3_ours_multi_ours_orb|predicted_raw|sync_step_00340,37,340,340,measured_plus_provisional,true,0.8477193292925718,0.2,accepted,0.02592935819723971,0.025630220998465347,true,true,19449,88f43d306a59ad8a923623115044936010dee20760457eb44646d9943e004010,fe9c0d877ce04e5c0ab8b1ac8dfcfa1e5b7b20241f81205fc993f21c5cef7eaa,false,true,225696,247520,21824,4576,17248,180049,771,true,22.6,false,0,1,88f43d306a59ad8a923623115044936010dee20760457eb44646d9943e004010,false
SYN_a3_predicted_raw_P_s37_00160_08,a3_ours_multi_ours_orb|predicted_raw|sync_step_00160,37,160,160,measured_only,true,0.8044476850164054,0.2,accepted,0.032525257770340495,0.0598876026197388,true,true,19103,a1743a4d9724573552cd070fe93f6734218099d8985ef98f60b3babdfe2775f3,a1743a4d9724573552cd070fe93f6734218099d8985ef98f60b3babdfe2775f3,false,true,149934,149934,0,0,0,120590,1110,true,22.650000000000002,false,0,2,a1743a4d9724573552cd070fe93f6734218099d8985ef98f60b3babdfe2775f3,false
SYN_a3_predicted_raw_P_s37_00160_08,a3_ours_multi_ours_orb|predicted_raw|sync_step_00160,37,160,160,measured_plus_provisional,true,0.8044476850164054,0.2,accepted,0.032525257770340495,0.0598876026197388,true,true,19103,a1743a4d9724573552cd070fe93f6734218099d8985ef98f60b3babdfe2775f3,a8d4443cc7f695274e8b4b874dcbe8f1927579d2190b603ed9a2a0ae69267ee2,false,true,149934,177436,27502,15642,11860,131563,2211,true,35.050000000000004,false,28,401,a1743a4d9724573552cd070fe93f6734218099d8985ef98f60b3babdfe2775f3,false
SYN_a3_predicted_raw_P_s37_00200_09,a3_ours_multi_ours_orb|predicted_raw|sync_step_00200,37,200,200,measured_only,true,0.8652775047506717,0.2,accepted,0.02584943798139933,0.09587108845900616,true,true,41441,6ccab5d2bd91a628419761a2c631a0e5bb62a4cce91e5f6b448698ac31eaf48c,6ccab5d2bd91a628419761a2c631a0e5bb62a4cce91e5f6b448698ac31eaf48c,false,true,180559,180559,0,0,0,143525,1050,true,22.6,false,0,2,6ccab5d2bd91a628419761a2c631a0e5bb62a4cce91e5f6b448698ac31eaf48c,false
SYN_a3_predicted_raw_P_s37_00200_09,a3_ours_multi_ours_orb|predicted_raw|sync_step_00200,37,200,200,measured_plus_provisional,true,0.8652775047506717,0.2,accepted,0.02584943798139933,0.09587108845900616,true,true,41441,6ccab5d2bd91a628419761a2c631a0e5bb62a4cce91e5f6b448698ac31eaf48c,29cabc2b388967bdf1f31a6b41415861fb0026529fd066dd234e2cf47bc26ced,false,true,180559,200748,20189,7671,12518,143376,957,true,22.6,false,0,2,6ccab5d2bd91a628419761a2c631a0e5bb62a4cce91e5f6b448698ac31eaf48c,false
SYN_a3_predicted_raw_P_s37_00050_10,a3_ours_multi_ours_orb|predicted_raw|sync_step_00050,37,50,50,measured_only,false,0.6007338225483656,0.2,low_inlier_ratio,0.02371324662893334,0.005386413087222763,true,false,0,244281a00aeaf00bbaea07b7730fd7ab3878d3db056ea8f9fe035339512bb794,244281a00aeaf00bbaea07b7730fd7ab3878d3db056ea8f9fe035339512bb794,false,false,68100,68100,0,0,0,57346,1382,true,14.700000000000001,true,0,0,244281a00aeaf00bbaea07b7730fd7ab3878d3db056ea8f9fe035339512bb794,false
SYN_a3_predicted_raw_P_s37_00050_10,a3_ours_multi_ours_orb|predicted_raw|sync_step_00050,37,50,50,measured_plus_provisional,false,0.6007338225483656,0.2,low_inlier_ratio,0.02371324662893334,0.005386413087222763,true,false,0,244281a00aeaf00bbaea07b7730fd7ab3878d3db056ea8f9fe035339512bb794,037536843f6e30a01de9b2afbac10b3c3abf374f8c1f136e56d13f23503bdeac,false,false,68100,80898,12798,6240,6558,57314,1363,true,14.700000000000001,true,0,0,244281a00aeaf00bbaea07b7730fd7ab3878d3db056ea8f9fe035339512bb794,false
SYN_a3_predicted_raw_P_s53_00310_01,a3_ours_multi_ours_orb|predicted_raw|sync_step_00310,53,310,310,measured_only,true,0.8076437144662034,0.2,accepted,0.039593347073602486,0.017188227143861923,true,true,27674,ebd56ad8bd2bd97ce883e3ee8d7be6e38123c0833cb9de1bfb0473afbae6451d,ebd56ad8bd2bd97ce883e3ee8d7be6e38123c0833cb9de1bfb0473afbae6451d,false,true,230607,230607,0,0,0,183614,632,true,22.6,true,0,0,ebd56ad8bd2bd97ce883e3ee8d7be6e38123c0833cb9de1bfb0473afbae6451d,false
SYN_a3_predicted_raw_P_s53_00310_01,a3_ours_multi_ours_orb|predicted_raw|sync_step_00310,53,310,310,measured_plus_provisional,true,0.8076437144662034,0.2,accepted,0.039593347073602486,0.017188227143861923,true,true,27674,ebd56ad8bd2bd97ce883e3ee8d7be6e38123c0833cb9de1bfb0473afbae6451d,b75c954a16851b675a97857c3cc7d2592cfc9c665ecb9dbca7fe4dba5df80a7b,false,true,230607,251051,20444,3447,16997,183530,576,true,22.6,true,0,0,ebd56ad8bd2bd97ce883e3ee8d7be6e38123c0833cb9de1bfb0473afbae6451d,false
SYN_a3_predicted_raw_P_s53_00140_02,a3_ours_multi_ours_orb|predicted_raw|sync_step_00140,53,140,140,measured_only,true,0.6819139801732885,0.2,accepted,0.0782750172984651,0.036920224860352846,true,true,28261,fecdb5806e7567867c5b9bea79968473d1a9ce03db77c86bbefa1f05ee7aa88b,fecdb5806e7567867c5b9bea79968473d1a9ce03db77c86bbefa1f05ee7aa88b,false,true,147027,147027,0,0,0,118354,1073,true,22.700000000000003,false,0,8,fecdb5806e7567867c5b9bea79968473d1a9ce03db77c86bbefa1f05ee7aa88b,false
SYN_a3_predicted_raw_P_s53_00140_02,a3_ours_multi_ours_orb|predicted_raw|sync_step_00140,53,140,140,measured_plus_provisional,true,0.6819139801732885,0.2,accepted,0.0782750172984651,0.036920224860352846,true,true,28261,fecdb5806e7567867c5b9bea79968473d1a9ce03db77c86bbefa1f05ee7aa88b,a5e235827e1a60ee6a60774f773b2258cfe400534da2c460a3a02c53d6f8af9f,false,true,147027,165918,18891,7274,11617,118200,967,true,22.700000000000003,false,0,8,fecdb5806e7567867c5b9bea79968473d1a9ce03db77c86bbefa1f05ee7aa88b,false
SYN_a3_predicted_raw_P_s53_00240_03,a3_ours_multi_ours_orb|predicted_raw|sync_step_00240,53,240,240,measured_only,true,0.7576424938388129,0.2,accepted,0.0436841425409579,0.001361932142998512,true,true,28985,1648ea9783e0699076395e8c7f45e8439896b422ee618115e6b4a7d9fdab2572,1648ea9783e0699076395e8c7f45e8439896b422ee618115e6b4a7d9fdab2572,false,true,207511,207511,0,0,0,164837,1059,true,24.25,false,45,31,1648ea9783e0699076395e8c7f45e8439896b422ee618115e6b4a7d9fdab2572,false
SYN_a3_predicted_raw_P_s53_00240_03,a3_ours_multi_ours_orb|predicted_raw|sync_step_00240,53,240,240,measured_plus_provisional,true,0.7576424938388129,0.2,accepted,0.0436841425409579,0.001361932142998512,true,true,28985,1648ea9783e0699076395e8c7f45e8439896b422ee618115e6b4a7d9fdab2572,8dcfbdac8b2b71fac37cd424cee08777d643b829fbccaf093a882b453891bbf3,false,true,207511,228498,20987,5105,15882,164718,981,true,24.25,false,45,31,1648ea9783e0699076395e8c7f45e8439896b422ee618115e6b4a7d9fdab2572,false
SYN_a3_predicted_raw_P_s53_00390_04,a3_ours_multi_ours_orb|predicted_raw|sync_step_00390,53,390,390,measured_only,true,0.896639819866632,0.2,accepted,0.0190650745674427,0.017080680712183494,true,true,20404,ee49c3888e1106eb555c163e4d1085a33ca015cf6d3217002c806795c04fe24b,ee49c3888e1106eb555c163e4d1085a33ca015cf6d3217002c806795c04fe24b,false,true,231333,231333,0,0,0,184292,563,true,22.6,true,0,0,ee49c3888e1106eb555c163e4d1085a33ca015cf6d3217002c806795c04fe24b,false
SYN_a3_predicted_raw_P_s53_00390_04,a3_ours_multi_ours_orb|predicted_raw|sync_step_00390,53,390,390,measured_plus_provisional,true,0.896639819866632,0.2,accepted,0.0190650745674427,0.017080680712183494,true,true,20404,ee49c3888e1106eb555c163e4d1085a33ca015cf6d3217002c806795c04fe24b,73561f1ab6aaef3b697f6f459233592a2e5c71a217a8c1354f1abd792bdb26a9,false,true,231333,252109,20776,3511,17265,184206,509,true,22.6,true,0,0,ee49c3888e1106eb555c163e4d1085a33ca015cf6d3217002c806795c04fe24b,false
SYN_a3_predicted_raw_P_s53_00290_05,a3_ours_multi_ours_orb|predicted_raw|sync_step_00290,53,290,290,measured_only,true,0.8236299697176908,0.2,accepted,0.04490919673004479,0.016936104035750077,true,true,9712,0bdd15e7988c61e75fb74aebcb76d9ee3c523274cb811ee63567d0e65c918ecc,0bdd15e7988c61e75fb74aebcb76d9ee3c523274cb811ee63567d0e65c918ecc,false,true,212437,212437,0,0,0,169634,1025,true,22.6,true,0,0,0bdd15e7988c61e75fb74aebcb76d9ee3c523274cb811ee63567d0e65c918ecc,false
SYN_a3_predicted_raw_P_s53_00290_05,a3_ours_multi_ours_orb|predicted_raw|sync_step_00290,53,290,290,measured_plus_provisional,true,0.8236299697176908,0.2,accepted,0.04490919673004479,0.016936104035750077,true,true,9712,0bdd15e7988c61e75fb74aebcb76d9ee3c523274cb811ee63567d0e65c918ecc,cbe9108e3987833dc5729d324b9d943685da042d30ba7269421adbb2681fd7d5,false,true,212437,234291,21854,4621,17233,169525,953,true,22.6,true,0,0,0bdd15e7988c61e75fb74aebcb76d9ee3c523274cb811ee63567d0e65c918ecc,false
SYN_a3_predicted_raw_P_s53_00080_06,a3_ours_multi_ours_orb|predicted_raw|sync_step_00080,53,80,80,measured_only,true,0.6518403069176357,0.2,accepted,0.04631601302840618,0.07038698229584384,true,true,43578,ef6ccae67d668cf475d8335263dc3b066103c6b192261b8e81fc505bc2133e58,ef6ccae67d668cf475d8335263dc3b066103c6b192261b8e81fc505bc2133e58,false,true,132752,132752,0,0,0,108256,1431,true,22.5,false,0,1,ef6ccae67d668cf475d8335263dc3b066103c6b192261b8e81fc505bc2133e58,false
SYN_a3_predicted_raw_P_s53_00080_06,a3_ours_multi_ours_orb|predicted_raw|sync_step_00080,53,80,80,measured_plus_provisional,true,0.6518403069176357,0.2,accepted,0.04631601302840618,0.07038698229584384,true,true,43578,ef6ccae67d668cf475d8335263dc3b066103c6b192261b8e81fc505bc2133e58,111fd5ca77aaac113c2faa9f42ee32ab1adc4bee5ef9107815cc799ef78679ca,false,true,132752,162024,29272,17476,11796,108087,1315,true,22.5,false,0,1,ef6ccae67d668cf475d8335263dc3b066103c6b192261b8e81fc505bc2133e58,false
SYN_a3_predicted_raw_P_s53_00130_07,a3_ours_multi_ours_orb|predicted_raw|sync_step_00130,53,130,130,measured_only,true,0.834673327609086,0.2,accepted,0.020613109369422185,0.10951010252853166,true,true,26715,49fd3094581f8edc49aeffbdf267b81ee9c92a878b694c29151d54da162b0677,49fd3094581f8edc49aeffbdf267b81ee9c92a878b694c29151d54da162b0677,false,true,145481,145481,0,0,0,118237,1138,true,22.650000000000002,false,0,3,49fd3094581f8edc49aeffbdf267b81ee9c92a878b694c29151d54da162b0677,false
SYN_a3_predicted_raw_P_s53_00130_07,a3_ours_multi_ours_orb|predicted_raw|sync_step_00130,53,130,130,measured_plus_provisional,true,0.834673327609086,0.2,accepted,0.020613109369422185,0.10951010252853166,true,true,26715,49fd3094581f8edc49aeffbdf267b81ee9c92a878b694c29151d54da162b0677,0f3524390c1f0fa46cb403116669c18bb1f3a73041f861a9ac6a2db0c2345f6c,false,true,145481,164489,19008,7080,11928,118114,1052,true,22.650000000000002,false,0,3,49fd3094581f8edc49aeffbdf267b81ee9c92a878b694c29151d54da162b0677,false
SYN_a3_predicted_raw_P_s53_00040_08,a3_ours_multi_ours_orb|predicted_raw|sync_step_00040,53,40,40,measured_only,false,0.0,0.2,non_unit_se2_candidate,,,,false,0,f586da8d20f8a4f42eacde27ebef0b9279038477a8ae1cecffebfcd15f71a19e,f586da8d20f8a4f42eacde27ebef0b9279038477a8ae1cecffebfcd15f71a19e,false,false,59598,59598,0,0,0,51500,1632,true,13.950000000000001,true,0,0,f586da8d20f8a4f42eacde27ebef0b9279038477a8ae1cecffebfcd15f71a19e,false
SYN_a3_predicted_raw_P_s53_00040_08,a3_ours_multi_ours_orb|predicted_raw|sync_step_00040,53,40,40,measured_plus_provisional,false,0.0,0.2,non_unit_se2_candidate,,,,false,0,f586da8d20f8a4f42eacde27ebef0b9279038477a8ae1cecffebfcd15f71a19e,367ff96a206923d9e779520574d985ff2ec5120440d859cd4416b6248b20ce88,false,false,59598,70871,11273,7094,4179,51473,1616,true,13.950000000000001,true,0,0,f586da8d20f8a4f42eacde27ebef0b9279038477a8ae1cecffebfcd15f71a19e,false
SYN_a3_predicted_raw_P_s53_00090_09,a3_ours_multi_ours_orb|predicted_raw|sync_step_00090,53,90,90,measured_only,true,0.819324047920522,0.2,accepted,0.0239613415424751,0.03575108591471121,true,true,40849,3ec96336c5bb150db8677e757300d6a6e7990794085490d411cb53533dc151a0,3ec96336c5bb150db8677e757300d6a6e7990794085490d411cb53533dc151a0,false,true,143431,143431,0,0,0,117077,1347,true,22.6,true,0,0,3ec96336c5bb150db8677e757300d6a6e7990794085490d411cb53533dc151a0,false
SYN_a3_predicted_raw_P_s53_00090_09,a3_ours_multi_ours_orb|predicted_raw|sync_step_00090,53,90,90,measured_plus_provisional,true,0.819324047920522,0.2,accepted,0.0239613415424751,0.03575108591471121,true,true,40849,3ec96336c5bb150db8677e757300d6a6e7990794085490d411cb53533dc151a0,941d1f4b69444c83531b790c91ed2f3d38f03e871ea0d69a834b241d22c02b0d,false,true,143431,160623,17192,6080,11112,116899,1227,true,22.6,true,0,0,3ec96336c5bb150db8677e757300d6a6e7990794085490d411cb53533dc151a0,false
SYN_a3_predicted_raw_P_s53_00210_10,a3_ours_multi_ours_orb|predicted_raw|sync_step_00210,53,210,210,measured_only,true,0.7986902423051735,0.2,accepted,0.04896437260609391,0.026247589581089414,true,true,57089,641e3d08c0f6b42171341ad227deab7629aa921cbb93a53a0d37f2eecde4408f,641e3d08c0f6b42171341ad227deab7629aa921cbb93a53a0d37f2eecde4408f,false,true,196220,196220,0,0,0,156959,951,true,22.85,false,50,0,641e3d08c0f6b42171341ad227deab7629aa921cbb93a53a0d37f2eecde4408f,false
SYN_a3_predicted_raw_P_s53_00210_10,a3_ours_multi_ours_orb|predicted_raw|sync_step_00210,53,210,210,measured_plus_provisional,true,0.7986902423051735,0.2,accepted,0.04896437260609391,0.026247589581089414,true,true,57089,641e3d08c0f6b42171341ad227deab7629aa921cbb93a53a0d37f2eecde4408f,3da802e7f920505ec7d43c74b9e422f5290672e3e2d31f9b80815e409792cce3,false,true,196220,219210,22990,8877,14113,157477,1091,true,24.0,false,12,74,641e3d08c0f6b42171341ad227deab7629aa921cbb93a53a0d37f2eecde4408f,false
SYN_a3_predicted_raw_P_s71_00290_01,a3_ours_multi_ours_orb|predicted_raw|sync_step_00290,71,290,290,measured_only,true,0.9162180502148836,0.2,accepted,0.018155741739541292,0.011839986155422366,true,true,25403,f8963b568da7004eba0c79b9826072633a689a88dfda27295de2af3ac2b8e181,f8963b568da7004eba0c79b9826072633a689a88dfda27295de2af3ac2b8e181,false,true,228128,228128,0,0,0,182272,702,true,23.650000000000002,false,4,0,f8963b568da7004eba0c79b9826072633a689a88dfda27295de2af3ac2b8e181,false
SYN_a3_predicted_raw_P_s71_00290_01,a3_ours_multi_ours_orb|predicted_raw|sync_step_00290,71,290,290,measured_plus_provisional,true,0.9162180502148836,0.2,accepted,0.018155741739541292,0.011839986155422366,true,true,25403,f8963b568da7004eba0c79b9826072633a689a88dfda27295de2af3ac2b8e181,b66c29788d4f5d3162e8ee4fe03b609f82bf6be4a79cdc8e663daf5aefd6ff61,false,true,228128,250146,22018,4265,17753,182188,648,true,23.650000000000002,false,4,0,f8963b568da7004eba0c79b9826072633a689a88dfda27295de2af3ac2b8e181,false
SYN_a3_predicted_raw_P_s71_00430_02,a3_ours_multi_ours_orb|predicted_raw|sync_step_00430,71,430,430,measured_only,true,0.8428947578393042,0.2,accepted,0.03229294383909904,0.0005171558614165406,true,true,22830,9cc730c1b67ee7ba401123d6209056e9e84b3fc9e406b890ccff5614759f03e3,9cc730c1b67ee7ba401123d6209056e9e84b3fc9e406b890ccff5614759f03e3,false,true,253773,253773,0,0,0,201783,805,true,34.75,false,0,16,9cc730c1b67ee7ba401123d6209056e9e84b3fc9e406b890ccff5614759f03e3,false
SYN_a3_predicted_raw_P_s71_00430_02,a3_ours_multi_ours_orb|predicted_raw|sync_step_00430,71,430,430,measured_plus_provisional,true,0.8428947578393042,0.2,accepted,0.03229294383909904,0.0005171558614165406,true,true,22830,9cc730c1b67ee7ba401123d6209056e9e84b3fc9e406b890ccff5614759f03e3,c9e7f6a197e6eea8a06f885182d08b7b3400aa372604889398be67f9829de121,false,true,253773,275971,22198,4937,17261,201716,705,true,34.85,false,0,19,9cc730c1b67ee7ba401123d6209056e9e84b3fc9e406b890ccff5614759f03e3,false
SYN_a3_predicted_raw_P_s71_00060_03,a3_ours_multi_ours_orb|predicted_raw|sync_step_00060,71,60,60,measured_only,true,0.697841726618705,0.2,accepted,0.02606526904203134,0.04971540577773226,true,true,30698,02e490bb9c4deba52b9b351dcca774fbca4892fe69489642836a7c97d0a66f3f,02e490bb9c4deba52b9b351dcca774fbca4892fe69489642836a7c97d0a66f3f,false,true,116316,116316,0,0,0,97163,1388,true,18.7,false,0,1,02e490bb9c4deba52b9b351dcca774fbca4892fe69489642836a7c97d0a66f3f,false
SYN_a3_predicted_raw_P_s71_00060_03,a3_ours_multi_ours_orb|predicted_raw|sync_step_00060,71,60,60,measured_plus_provisional,true,0.697841726618705,0.2,accepted,0.02606526904203134,0.04971540577773226,true,true,30698,02e490bb9c4deba52b9b351dcca774fbca4892fe69489642836a7c97d0a66f3f,785521d68e37fec836a29eb939f110881de7c6266fd64e9c9fb09ee2f1aabc9b,false,true,116316,135314,18998,10675,8323,96997,1274,true,18.7,false,0,1,02e490bb9c4deba52b9b351dcca774fbca4892fe69489642836a7c97d0a66f3f,false
SYN_a3_predicted_raw_P_s71_00050_04,a3_ours_multi_ours_orb|predicted_raw|sync_step_00050,71,50,50,measured_only,false,0.4152768512341561,0.2,low_inlier_ratio,0.11369781298060624,0.16992588323566338,true,false,0,244281a00aeaf00bbaea07b7730fd7ab3878d3db056ea8f9fe035339512bb794,244281a00aeaf00bbaea07b7730fd7ab3878d3db056ea8f9fe035339512bb794,false,false,68100,68100,0,0,0,57346,1382,true,14.700000000000001,true,0,0,244281a00aeaf00bbaea07b7730fd7ab3878d3db056ea8f9fe035339512bb794,false
SYN_a3_predicted_raw_P_s71_00050_04,a3_ours_multi_ours_orb|predicted_raw|sync_step_00050,71,50,50,measured_plus_provisional,false,0.4152768512341561,0.2,low_inlier_ratio,0.11369781298060624,0.16992588323566338,true,false,0,244281a00aeaf00bbaea07b7730fd7ab3878d3db056ea8f9fe035339512bb794,037536843f6e30a01de9b2afbac10b3c3abf374f8c1f136e56d13f23503bdeac,false,false,68100,80898,12798,6240,6558,57314,1363,true,14.700000000000001,true,0,0,244281a00aeaf00bbaea07b7730fd7ab3878d3db056ea8f9fe035339512bb794,false
SYN_a3_predicted_raw_P_s71_00170_05,a3_ours_multi_ours_orb|predicted_raw|sync_step_00170,71,170,170,measured_only,true,0.7392186021360011,0.2,accepted,0.07779525450385733,0.036159818441291236,true,true,22047,0d01a88f1d55e0b1a17c43c0235e0b5f539756f36dc2b1918fe5f5b92532710d,0d01a88f1d55e0b1a17c43c0235e0b5f539756f36dc2b1918fe5f5b92532710d,false,true,159252,159252,0,0,0,127528,1082,true,22.650000000000002,false,0,3,0d01a88f1d55e0b1a17c43c0235e0b5f539756f36dc2b1918fe5f5b92532710d,false
SYN_a3_predicted_raw_P_s71_00170_05,a3_ours_multi_ours_orb|predicted_raw|sync_step_00170,71,170,170,measured_plus_provisional,true,0.7392186021360011,0.2,accepted,0.07779525450385733,0.036159818441291236,true,true,22047,0d01a88f1d55e0b1a17c43c0235e0b5f539756f36dc2b1918fe5f5b92532710d,dcfd6521b3cb89f85e7c11c1fe3b0d737e07f9a6c8b2227aff5966a012324f3f,false,true,159252,180561,21309,8682,12627,127502,1045,true,22.650000000000002,false,0,3,0d01a88f1d55e0b1a17c43c0235e0b5f539756f36dc2b1918fe5f5b92532710d,false
SYN_a3_predicted_raw_P_s71_00200_06,a3_ours_multi_ours_orb|predicted_raw|sync_step_00200,71,200,200,measured_only,true,0.8852630889194679,0.2,accepted,0.013586733346549102,0.037406413157015095,true,true,41159,a92f05a6b7c806fb1d0f2beb77f44caad7189ee353c73490b5f433a60b60e91c,a92f05a6b7c806fb1d0f2beb77f44caad7189ee353c73490b5f433a60b60e91c,false,true,180277,180277,0,0,0,143754,1073,true,22.6,false,0,1,a92f05a6b7c806fb1d0f2beb77f44caad7189ee353c73490b5f433a60b60e91c,false
SYN_a3_predicted_raw_P_s71_00200_06,a3_ours_multi_ours_orb|predicted_raw|sync_step_00200,71,200,200,measured_plus_provisional,true,0.8852630889194679,0.2,accepted,0.013586733346549102,0.037406413157015095,true,true,41159,a92f05a6b7c806fb1d0f2beb77f44caad7189ee353c73490b5f433a60b60e91c,8032fa6a1a45d9be968d1205212055899a219298a52414db361559d99a52de72,false,true,180277,202537,22260,8503,13757,143624,992,true,22.6,false,0,1,a92f05a6b7c806fb1d0f2beb77f44caad7189ee353c73490b5f433a60b60e91c,false
SYN_a3_predicted_raw_P_s71_00270_07,a3_ours_multi_ours_orb|predicted_raw|sync_step_00270,71,270,270,measured_only,true,0.8370039825344273,0.2,accepted,0.03714545402804998,0.00753203041500683,true,true,11024,589bd71d0ca00a2803c833e6ebd294d876d985f2218b41d075bd04c3293a7e5c,589bd71d0ca00a2803c833e6ebd294d876d985f2218b41d075bd04c3293a7e5c,false,true,211240,211240,0,0,0,169200,2668,true,30.5,true,0,0,589bd71d0ca00a2803c833e6ebd294d876d985f2218b41d075bd04c3293a7e5c,false
SYN_a3_predicted_raw_P_s71_00270_07,a3_ours_multi_ours_orb|predicted_raw|sync_step_00270,71,270,270,measured_plus_provisional,true,0.8370039825344273,0.2,accepted,0.03714545402804998,0.00753203041500683,true,true,11024,589bd71d0ca00a2803c833e6ebd294d876d985f2218b41d075bd04c3293a7e5c,cb367804b870ade95f1454bd5248043ba5b745e5249a0adce8c790d5b94fdd22,false,true,211240,232160,20920,4225,16695,169140,2607,true,30.5,true,0,0,589bd71d0ca00a2803c833e6ebd294d876d985f2218b41d075bd04c3293a7e5c,false
SYN_a3_predicted_raw_P_s71_00040_08,a3_ours_multi_ours_orb|predicted_raw|sync_step_00040,71,40,40,measured_only,false,0.0,0.2,non_unit_se2_candidate,,,,false,0,f586da8d20f8a4f42eacde27ebef0b9279038477a8ae1cecffebfcd15f71a19e,f586da8d20f8a4f42eacde27ebef0b9279038477a8ae1cecffebfcd15f71a19e,false,false,59598,59598,0,0,0,51500,1632,true,13.950000000000001,false,7,0,f586da8d20f8a4f42eacde27ebef0b9279038477a8ae1cecffebfcd15f71a19e,false
SYN_a3_predicted_raw_P_s71_00040_08,a3_ours_multi_ours_orb|predicted_raw|sync_step_00040,71,40,40,measured_plus_provisional,false,0.0,0.2,non_unit_se2_candidate,,,,false,0,f586da8d20f8a4f42eacde27ebef0b9279038477a8ae1cecffebfcd15f71a19e,367ff96a206923d9e779520574d985ff2ec5120440d859cd4416b6248b20ce88,false,false,59598,70871,11273,7094,4179,51473,1616,true,13.950000000000001,false,7,0,f586da8d20f8a4f42eacde27ebef0b9279038477a8ae1cecffebfcd15f71a19e,false
SYN_a3_predicted_raw_P_s71_00380_09,a3_ours_multi_ours_orb|predicted_raw|sync_step_00380,71,380,380,measured_only,true,0.8533818307785572,0.2,accepted,0.034707183912027116,0.031092910603234714,true,true,20361,33ce2c9659d264b4012b343befdeab34dde4b6f8e01f52bded8210baf32168fb,33ce2c9659d264b4012b343befdeab34dde4b6f8e01f52bded8210baf32168fb,false,true,231289,231289,0,0,0,183906,595,true,22.6,false,0,1,33ce2c9659d264b4012b343befdeab34dde4b6f8e01f52bded8210baf32168fb,false
SYN_a3_predicted_raw_P_s71_00380_09,a3_ours_multi_ours_orb|predicted_raw|sync_step_00380,71,380,380,measured_plus_provisional,true,0.8533818307785572,0.2,accepted,0.034707183912027116,0.031092910603234714,true,true,20361,33ce2c9659d264b4012b343befdeab34dde4b6f8e01f52bded8210baf32168fb,b335a20370d98e4d94b8abd7c1492b7713f1348707c491fa5d9cbe3f223f01ef,false,true,231289,252305,21016,3621,17395,183830,547,true,22.6,false,0,1,33ce2c9659d264b4012b343befdeab34dde4b6f8e01f52bded8210baf32168fb,false
SYN_a3_predicted_raw_P_s71_00360_10,a3_ours_multi_ours_orb|predicted_raw|sync_step_00360,71,360,360,measured_only,true,0.881371478488753,0.2,accepted,0.01568444388254128,0.0572578870865641,true,true,22269,219d31886ffc433b3c8e7446b3545d03b708353e6c7df05de9f2bdefb74c8e67,219d31886ffc433b3c8e7446b3545d03b708353e6c7df05de9f2bdefb74c8e67,false,true,231085,231085,0,0,0,183971,655,true,22.6,true,0,0,219d31886ffc433b3c8e7446b3545d03b708353e6c7df05de9f2bdefb74c8e67,false
SYN_a3_predicted_raw_P_s71_00360_10,a3_ours_multi_ours_orb|predicted_raw|sync_step_00360,71,360,360,measured_plus_provisional,true,0.881371478488753,0.2,accepted,0.01568444388254128,0.0572578870865641,true,true,22269,219d31886ffc433b3c8e7446b3545d03b708353e6c7df05de9f2bdefb74c8e67,b5c314539681467df7b080810ef6c38e8d6d73fabcaa64d5947a0e674b77215e,false,true,231085,253634,22549,3629,18920,183884,591,true,22.6,true,0,0,219d31886ffc433b3c8e7446b3545d03b708353e6c7df05de9f2bdefb74c8e67,false
